Name,Team,fb_pct,FBv,sl_pct,SLv,ct_pct,CTv,cb_pct,CBv,ch_pct,CHv,sf_pct,SFv,XX%
Brusdar Graterol,Dodgers,0.71,99.3,0.29,89.1,,,,,,,,,
Jacob deGrom,Mets,0.45,98.6,0.36,92.5,,,0.03,84,0.17,91.5,,,0.00
Javier Guerra,Padres,0.68,98.5,0.27,87.8,,,,,0.05,91.9,,,
Josh Staumont,Royals,0.73,98.1,,,,,0.28,82.2,,,,,
Dustin May,Dodgers,0.57,98.1,,,0.25,93.6,0.13,86.8,0.05,90.8,,,
Miguel Castro,- - -,0.51,98.1,0.31,86.8,,,,,0.18,92.4,,,
Aroldis Chapman,Yankees,0.77,98.1,0.21,85.1,,,,,,,0.02,90.3,
Trevor Rosenthal,- - -,0.71,98,0.21,87.6,,,,,0.08,87.8,,,
Sam Coonrod,Giants,0.59,98,0.14,88.9,0.06,93.4,0.02,82.6,0.19,88.9,,,
Edwin Diaz,Mets,0.62,97.8,0.38,89.6,,,,,0.01,93.7,,,
Jonathan Hernandez,Rangers,0.48,97.8,0.40,89.2,,,,,0.13,91,,,
Drew Rasmussen,Brewers,0.68,97.7,0.17,86.9,,,0.11,81.8,0.04,89.9,,,
Codi Heuer,White Sox,0.66,97.6,0.25,87.9,,,,,0.09,89.1,,,
Sixto Sanchez,Marlins,0.48,97.6,0.21,89,,,0.05,84,0.27,89.1,,,0.01
Alex Reyes,Cardinals,0.60,97.6,0.19,86.9,,,0.17,82,0.04,90.7,,,0.01
Dylan Cease,White Sox,0.48,97.5,0.30,85.1,,,0.09,79.1,0.13,82.9,,,0.00
Luis Castillo,Reds,0.52,97.5,0.18,86.8,,,,,0.30,88.3,,,
Peter Fairbanks,Rays,0.57,97.5,0.41,87.2,,,,,0.02,93.4,,,
Nathan Eovaldi,Red Sox,0.38,97.4,0.06,88.7,0.26,91.7,0.17,79.7,,,0.14,88,
Dan Altavilla,- - -,0.47,97.3,0.53,90.1,,,,,,,,,
Gregory Soto,Tigers,0.80,97.3,0.20,87.8,,,,,,,,,
Keynan Middleton,Angels,0.59,97.1,0.22,87.4,,,,,0.19,88.3,,,
Dinelson Lamet,Padres,0.46,97.1,0.53,86.6,,,,,0.00,93.7,,,
Daniel Bard,Rockies,0.56,97.1,0.31,87.7,,,,,0.13,89.8,,,0.02
Joe Kelly,Dodgers,0.37,97,,,,,0.63,87.1,,,,,
Jorge Alcala,Twins,0.46,97,0.45,88.6,,,,,0.09,89.2,,,
Tyler Glasnow,Rays,0.61,97,,,,,0.35,82.5,0.05,91.2,,,
Carlos Estevez,Rockies,0.62,96.9,0.26,87,,,,,0.12,88.7,,,
Craig Kimbrel,Cubs,0.62,96.9,,,,,0.38,86,,,,,0.01
Blake Treinen,Dodgers,0.65,96.9,0.26,88.5,0.09,94.3,,,,,,,0.01
Walker Buehler,Dodgers,0.62,96.9,0.09,86.5,0.15,92.7,0.14,81.8,,,,,
Ryan Helsley,Cardinals,0.43,96.9,,,0.36,87.4,0.17,80.5,0.04,89.6,,,0.02
Zack Wheeler,Phillies,0.66,96.9,0.16,89.8,,,0.10,80.1,0.05,90,0.03,90.3,0.01
Luis Patino,Padres,0.65,96.8,0.17,84.7,,,0.00,79,0.18,89.1,,,
Robert Stock,Red Sox,0.64,96.8,0.23,84.7,,,,,0.13,82.3,,,
Jonathan Loaisiga,Yankees,0.67,96.7,,,,,0.18,84,0.15,88.8,,,0.01
Gerrit Cole,Yankees,0.53,96.7,0.24,88.8,,,0.17,83.4,0.06,88.4,,,
Jimmy Cordero,White Sox,0.68,96.7,0.16,87.5,0.03,92.6,0.03,81.2,0.11,88.6,,,0.01
Michael Lorenzen,Reds,0.41,96.7,0.17,85.1,0.18,92.7,0.07,82.7,0.18,86.7,,,0.01
Julian Merryweather,Blue Jays,0.58,96.7,0.15,85.9,,,0.09,79.3,0.18,80.7,,,
Jordan Romano,Blue Jays,0.40,96.6,0.60,89.2,,,,,,,,,
Adrian Morejon,Padres,0.56,96.6,0.12,85.3,,,0.15,81,,,0.17,84.3,
Jeurys Familia,Mets,0.60,96.6,0.29,89.6,,,,,,,0.11,91,0.02
Tanner Rainey,Nationals,0.61,96.6,0.39,87.2,,,,,,,,,0.01
Devin Williams,Brewers,0.44,96.5,0.04,86.6,,,,,0.53,84.1,,,
Sandy Alcantara,Marlins,0.60,96.5,0.24,87.2,,,0.07,81.4,0.10,90,,,
Brandon Woodruff,Brewers,0.65,96.5,0.11,88.3,,,0.07,83.6,0.18,86.8,,,
Tanner Scott,Orioles,0.61,96.5,0.39,88.3,,,,,,,,,
Daniel Hudson,Nationals,0.76,96.5,0.17,86.1,,,0.02,74.7,0.06,88.2,,,
Trevor May,Twins,0.52,96.4,0.33,85.3,,,,,0.16,87.8,,,
Nate Pearson,Blue Jays,0.51,96.4,0.36,84.6,,,0.07,77.4,0.07,87.7,,,
Pierce Johnson,Padres,0.46,96.4,,,,,0.54,84.8,,,,,
Nick Nelson,Yankees,0.57,96.4,0.12,84.7,,,0.06,79.9,0.25,88.6,,,
Josh James,Astros,0.58,96.3,0.24,85.8,,,0.05,82.2,0.14,88.9,,,0.00
Jose Cisnero,Tigers,0.63,96.3,0.28,86.8,,,,,0.09,90.8,,,
Genesis Cabrera,Cardinals,0.56,96.2,,,,,0.31,81.4,0.13,88.4,,,
Ryan Brasier,Red Sox,0.62,96.2,0.33,86.2,,,,,0.05,87.5,,,0.01
Carlos Hernandez,Royals,0.51,96.2,0.06,85.1,,,0.28,82.7,0.15,85.9,,,
Raisel Iglesias,Reds,0.46,96.2,0.33,84.8,,,,,0.21,89.1,,,0.01
Diego Castillo,Rays,0.35,96.2,0.65,86.3,,,,,,,,,
Ty Buttrey,Angels,0.58,96.1,,,,,0.22,82.2,0.20,86.3,,,0.02
Liam Hendriks,Athletics,0.70,96.1,0.22,86.8,,,0.07,84,0.01,90.5,,,0.01
Corbin Burnes,Brewers,0.37,96,0.13,86.6,0.31,93,0.09,81,0.11,88.9,,,
Ryne Stanek,Marlins,0.44,96,0.39,88.6,,,,,,,0.18,88.5,0.01
Tyler Kinley,Rockies,0.34,95.9,0.60,89.5,,,,,0.07,88.2,,,
Nate Jones,Reds,0.54,95.9,0.46,88.1,,,,,0.00,89,,,0.01
Rico Garcia,Giants,0.56,95.9,,,0.01,91,0.12,83.5,0.32,85.8,,,
Frankie Montas,Athletics,0.62,95.8,0.25,86.2,,,,,,,0.13,86.5,
Enoli Paredes,Astros,0.68,95.7,0.25,85.7,,,0.04,80.9,0.02,89.6,,,
Tejay Antone,Reds,0.41,95.7,0.40,83.5,,,0.17,80.1,0.03,87,,,0.00
Yohan Ramirez,Mariners,0.60,95.7,0.40,82,,,,,,,,,0.01
German Marquez,Rockies,0.52,95.7,0.17,88,,,0.25,85.5,0.06,86.9,,,
Hector Rondon,Diamondbacks,0.60,95.6,0.37,85.4,,,,,0.04,88.4,,,0.02
Matt Barnes,Red Sox,0.54,95.6,,,,,0.43,84.6,0.03,88.5,,,0.01
A.J. Minter,Braves,0.39,95.6,0.43,88,,,,,0.19,85.4,,,0.02
Kevin Ginkel,Diamondbacks,0.60,95.6,0.39,84.1,,,,,0.01,85,,,0.02
James Karinchak,Indians,0.50,95.5,,,,,0.50,83.2,,,,,0.01
Trevor Gott,Giants,0.64,95.5,0.08,90.6,,,0.25,82.5,0.03,89.8,,,
Yu Darvish,Cubs,0.25,95.5,0.15,82.1,0.40,86.8,0.12,77.5,0.04,89.9,0.04,90.7,0.00
Jesus Luzardo,Athletics,0.53,95.5,0.22,84.1,,,0.00,81.7,0.24,87.4,,,0.00
Lou Trivino,Athletics,0.59,95.5,,,0.23,90.6,0.11,78.4,0.07,86.9,,,0.00
Hansel Robles,Angels,0.52,95.5,0.12,88.9,,,,,,,0.36,88,
Rafael Montero,Rangers,0.72,95.5,0.07,85.8,,,,,0.21,89.1,,,
Caleb Ferguson,Dodgers,0.80,95.5,0.20,86.6,,,,,,,,,
Chad Green,Yankees,0.75,95.5,,,,,0.25,84.5,,,,,0.02
Thomas Hatch,Blue Jays,0.54,95.5,0.21,88.2,,,,,0.25,85.8,,,
Yoan Lopez,Diamondbacks,0.55,95.5,0.46,85.8,,,,,,,,,0.03
Jose Urena,Marlins,0.61,95.5,0.32,85.7,,,,,0.07,90.6,,,
Ian Gibaut,Rangers,0.54,95.3,0.29,86.6,0.01,90.5,,,0.16,85.5,,,
Connor Brogdon,Phillies,0.51,95.3,,,0.14,88.8,,,0.35,84,,,0.02
Jordan Weems,Athletics,0.62,95.3,0.18,85.9,,,0.01,82,,,0.19,86,
Kyle Funkhouser,Tigers,0.62,95.3,0.31,86.4,,,,,0.07,89.3,,,
Jacob Barnes,Angels,0.47,95.3,0.01,85.3,0.52,89.6,,,,,0.01,88,
Nick Anderson,Rays,0.65,95.2,,,,,0.35,84.3,,,,,
Garrett Richards,Padres,0.55,95.2,0.38,88.5,,,0.08,80.1,,,,,
Keury Mella,Diamondbacks,0.68,95.2,0.32,82.6,,,,,,,,,0.03
Mike Clevinger,- - -,0.40,95.2,0.32,81.7,0.07,88,0.13,78.7,0.08,87.3,,,
Tony Gonsolin,Dodgers,0.48,95.1,0.17,87.5,,,0.06,81.9,,,0.30,85.2,
Jake Diekman,Athletics,0.59,95.1,0.40,82.6,,,,,0.00,89,,,0.01
Jairo Diaz,Rockies,0.58,95.1,0.42,85.3,,,,,,,,,0.01
Kevin Gausman,Giants,0.51,95.1,0.07,81.9,,,,,0.14,84.3,0.29,84.2,
Blake Snell,Rays,0.51,95.1,0.15,87.5,,,0.15,80.2,0.20,88,,,
Taylor Williams,- - -,0.45,95.1,0.55,85.9,,,,,,,,,0.02
Kyle Finnegan,Nationals,0.70,95.1,0.21,87.3,,,,,,,0.09,87,0.04
Yusei Kikuchi,Mariners,0.38,95,0.16,83.4,0.40,92.1,,,,,0.06,86.9,
JoJo Romero,Phillies,0.57,95,0.27,84.1,,,,,0.17,85.8,,,
Justin Wilson,Mets,0.59,95,0.04,81.1,0.37,90.7,,,,,,,0.01
Jesse Hahn,Royals,0.57,95,0.13,82,,,0.31,78,,,,,
Rowan Wick,Cubs,0.52,95,,,0.14,91.9,0.34,76.8,,,,,0.01
Taylor Hearn,Rangers,0.61,95,0.28,83.8,,,,,0.12,85,,,
Victor Gonzalez,Dodgers,0.63,95,0.36,84.5,,,,,0.01,87.8,,,
Jake McGee,Dodgers,0.97,95,0.03,82.5,,,,,,,,,
Cal Quantrill,- - -,0.54,94.9,0.35,86.2,,,,,0.11,85.6,,,0.00
Anthony DeSclafani,Reds,0.51,94.9,0.31,86.3,,,0.11,82.2,0.07,88.5,,,
Scott Barlow,Royals,0.37,94.9,0.41,83.5,,,0.22,78.1,,,,,0.01
Wilmer Font,Blue Jays,0.70,94.9,0.15,86.2,,,0.09,76.6,,,0.06,84.7,
Johan Oviedo,Cardinals,0.56,94.9,0.30,84.9,0.00,95,0.10,77.1,0.04,87.4,,,
Ryan Borucki,Blue Jays,0.48,94.9,,,0.38,86.7,,,0.14,85.1,,,0.00
Huascar Ynoa,Braves,0.44,94.9,0.47,86.1,,,,,0.09,86.6,,,0.01
Zack Britton,Yankees,0.80,94.8,0.20,81.1,,,,,,,,,
Kendall Graveman,Mariners,0.68,94.8,0.02,87.4,0.07,91.7,0.06,79.9,0.17,88.5,,,
Jason Adam,Cubs,0.54,94.8,0.19,82.7,,,0.12,79.6,0.15,89.8,,,
Dovydas Neverauskas,Pirates,0.46,94.8,,,0.20,89.6,0.34,82.2,0.00,91,,,
Wandy Peralta,Giants,0.36,94.8,0.33,87.6,,,,,0.31,87.6,,,
Yency Almonte,Rockies,0.43,94.8,0.45,84.4,,,,,0.12,87.9,,,
Robert Stephenson,Reds,0.30,94.8,0.66,83.6,,,,,0.04,86.4,,,
Anthony Bass,Blue Jays,0.54,94.7,0.39,85.9,,,,,,,0.07,86.4,0.02
Amir Garrett,Reds,0.45,94.7,0.56,85.1,,,,,,,,,
Rafael Dolis,Blue Jays,0.61,94.7,0.20,84,,,,,,,0.19,86.6,
Max Scherzer,Nationals,0.46,94.7,0.19,85.5,0.10,91.1,0.09,77.2,0.16,85,,,0.00
Drew Pomeranz,Padres,0.80,94.7,,,,,0.20,84.2,,,,,
Mychal Givens,- - -,0.65,94.7,0.16,85,,,,,0.19,82.8,,,
Adbert Alzolay,Cubs,0.52,94.7,0.06,85.4,,,0.34,80.8,0.08,85.1,,,
Ryan Pressly,Astros,0.37,94.7,0.42,88.9,,,0.21,81.3,,,,,0.01
Joely Rodriguez,Rangers,0.68,94.6,0.03,87.7,,,,,0.30,89.3,,,
Taylor Rogers,Twins,0.55,94.6,0.46,81.1,,,,,,,,,
Josh Hader,Brewers,0.68,94.6,0.32,80.3,,,,,,,,,
Duane Underwood Jr.,Cubs,0.46,94.6,,,,,0.25,81.5,0.29,87.2,,,0.01
Shaun Anderson,Giants,0.40,94.6,0.53,88.3,,,,,0.07,87.8,,,
Evan Phillips,Orioles,0.66,94.6,0.26,83.7,,,,,0.07,86,,,
J.B. Wendelken,Athletics,0.58,94.5,0.26,85.3,,,0.08,81.1,0.07,86.6,,,
Taylor Widener,Diamondbacks,0.65,94.5,0.21,85.9,,,,,0.14,86.3,,,0.01
Emilio Pagan,Padres,0.63,94.5,0.35,86.6,,,0.03,82.8,,,,,
Steven Matz,Mets,0.54,94.5,0.05,89.7,,,0.15,77.7,0.26,84.9,,,
Jeff Hoffman,Rockies,0.55,94.5,,,,,0.18,77.8,0.27,85.4,,,0.01
Bryan Garcia,Tigers,0.64,94.5,0.22,87.4,,,,,0.14,86.7,,,
Tarik Skubal,Tigers,0.60,94.5,0.16,86.2,,,0.08,76.7,0.16,83.2,,,
Cody Reed,- - -,0.49,94.5,0.48,87.3,0.01,90.3,,,0.03,88.7,,,
Yimi Garcia,Marlins,0.49,94.5,0.12,82.4,0.29,87.9,,,0.10,87.8,,,
Felix Pena,Angels,0.49,94.5,,,,,0.30,84.8,0.21,86.6,,,
Dillon Tate,Orioles,0.58,94.4,0.26,85.5,,,,,0.16,83.8,,,
Corey Knebel,Brewers,0.63,94.4,,,,,0.34,78.2,0.03,87.7,,,
Franklyn Kilome,Mets,0.54,94.4,0.04,86.8,,,0.28,81.7,,,0.14,85.3,
Taylor Clarke,Diamondbacks,0.46,94.4,0.27,86.4,,,0.11,79.9,0.17,88.9,,,0.01
Luke Jackson,Braves,0.36,94.4,0.43,86.5,0.01,90,0.20,83.4,,,,,
Colten Brewer,Red Sox,0.02,94.4,0.20,89.1,0.45,93.7,0.33,80.9,0.00,85.5,,,
Dennis Santana,Dodgers,0.39,94.4,0.46,84.4,,,,,0.15,86.6,,,
Burch Smith,Athletics,0.72,94.4,0.01,83,,,0.14,79.7,0.13,83,,,
Alex Colome,White Sox,0.28,94.4,,,0.72,89.4,,,,,,,
Pedro Baez,Dodgers,0.42,94.4,0.22,87.1,,,,,0.36,86.8,,,
Antonio Senzatela,Rockies,0.56,94.4,0.25,86.5,,,0.09,79.3,0.10,86.4,,,
Tyler Matzek,Braves,0.62,94.4,0.19,83.3,0.09,89.9,0.11,79.7,,,,,
Kyle Cody,Rangers,0.50,94.3,0.37,83.2,,,,,0.12,86.1,,,
Joe Jimenez,Tigers,0.62,94.3,0.31,84,,,,,0.07,89,,,
Kyle Wright,Braves,0.48,94.3,0.24,88.3,,,0.13,82.1,0.14,87.7,,,0.00
Jose Berrios,Twins,0.52,94.3,,,,,0.30,83.4,0.19,84.7,,,
Tyler Chatwood,Cubs,0.51,94.3,,,0.30,90,0.14,80.4,0.05,85.5,,,
Nik Turley,Pirates,0.56,94.2,,,,,0.45,76.6,,,,,0.01
Julio Urias,Dodgers,0.56,94.2,0.06,86.4,,,0.25,80.5,0.13,85,,,
Mike Mayers,Angels,0.34,94.2,0.40,85.3,0.24,90.3,0.03,77.2,,,,,
Reynaldo Lopez,White Sox,0.51,94.2,0.28,82,,,,,0.21,83.6,,,
Shane Bieber,Indians,0.38,94.2,0.12,84.5,0.16,89.4,0.26,83.7,0.09,88.8,,,
Archie Bradley,- - -,0.66,94.2,,,,,0.23,80,0.12,86.2,,,
Chris Paddack,Padres,0.58,94.2,,,0.04,88,0.07,76.9,0.31,83.9,,,
Tyler Zuber,Royals,0.44,94.1,0.36,84,,,0.10,80.8,0.10,86.1,,,0.01
Spencer Turnbull,Tigers,0.66,94.1,0.21,85.4,,,0.04,79.5,0.09,87.2,,,0.00
Kyle Zimmer,Royals,0.48,94.1,0.34,82.9,,,0.14,77.2,0.04,86.3,,,
Ian Anderson,Braves,0.49,94.1,,,,,0.21,80.2,0.31,87.4,,,
Spencer Howard,Phillies,0.57,94.1,0.22,84.5,,,0.06,73.3,0.16,79.6,,,
Chris Martin,Braves,0.45,94.1,0.26,82.6,0.19,89.9,,,,,0.10,86.3,0.01
David Phelps,- - -,0.47,94.1,,,0.27,90.2,0.27,81.6,,,,,
Anthony Misiewicz,Mariners,0.24,94.1,,,0.53,90.1,0.23,82,,,,,0.01
Logan Allen,Indians,0.46,94.1,0.27,83.1,,,0.13,77.6,0.15,82.5,,,
Luke Weaver,Diamondbacks,0.54,94.1,,,0.12,88.4,0.07,79,0.27,84.8,,,
Matt Harvey,Royals,0.53,94.1,0.23,87,,,0.15,81.8,0.10,84.8,,,
Junior Guerra,Diamondbacks,0.61,94,,,,,0.22,81.8,,,0.18,86.1,0.02
Brett Martin,Rangers,0.53,94,0.33,87.5,,,0.14,83.3,,,,,
Jon Gray,Rockies,0.49,94,0.29,86.3,,,0.08,77.8,0.13,86.5,,,
John Curtiss,Rays,0.57,94,0.44,85.2,,,,,,,,,
Bryse Wilson,Braves,0.63,94,0.19,88.8,,,0.07,78.8,0.12,87.1,,,
Lucas Giolito,White Sox,0.51,94,0.15,84.9,,,0.01,77.4,0.34,80.9,,,
Hector Neris,Phillies,0.52,94,,,,,,,,,0.48,85.6,0.01
Luis Perdomo,Padres,0.43,94,0.35,86.4,,,,,0.23,88.5,,,
Luis Garcia,Astros,0.54,94,0.15,81.5,0.05,87.4,0.07,76.7,0.18,82.7,,,
Heath Hembree,- - -,0.58,94,0.33,87.7,,,0.10,81,,,,,
Ryan Tepera,Cubs,0.46,94,0.05,82.4,0.44,87.8,,,,,0.05,85.1,
Lucas Sims,Reds,0.48,94,0.34,82.9,,,0.16,80.5,0.02,87.7,,,
Mitch Keller,Pirates,0.56,94,0.22,87,,,0.20,78.2,0.03,89.1,,,
Touki Toussaint,Braves,0.41,94,0.10,85.5,,,0.29,75.8,,,0.20,85.3,
Cy Sneed,Astros,0.36,93.9,0.14,82.7,0.33,92.1,0.15,79.9,0.02,81.4,,,0.03
Chad Kuhl,Pirates,0.44,93.9,0.35,87.8,,,0.17,81.3,0.04,88.2,,,
Tyler Mahle,Reds,0.56,93.9,0.33,86.9,,,0.00,80,,,0.11,87.4,
Caleb Baragar,Giants,0.75,93.9,0.15,84.1,,,0.10,79.3,0.00,87,,,
John Gant,Cardinals,0.52,93.9,0.12,85.4,,,0.13,76.3,0.23,81.8,,,
Zach Eflin,Phillies,0.61,93.9,0.14,87.8,0.06,90.5,0.13,79,0.06,87.9,,,
Matt Foster,White Sox,0.57,93.8,0.09,85.4,,,,,0.34,83.8,,,
John Means,Orioles,0.52,93.8,0.10,86.5,,,0.13,79.1,0.25,85,,,
Drew Smyly,Giants,0.45,93.8,,,0.18,89.4,0.37,80,,,,,
Lance McCullers Jr.,Astros,0.43,93.8,,,0.02,91.4,0.38,83.4,0.18,86.4,,,
Cole Sulser,Orioles,0.58,93.8,0.17,87.6,,,,,0.26,85.8,,,0.00
Jarlin Garcia,Giants,0.49,93.8,0.33,83.5,,,,,0.18,86,,,0.01
Blake Taylor,Astros,0.77,93.8,0.23,85.1,,,,,0.01,88.7,,,0.01
Vince Velasquez,Phillies,0.58,93.8,0.11,86.5,0.01,89.5,0.16,82.9,0.14,88.2,,,0.01
Jorge Lopez,- - -,0.60,93.8,,,,,0.31,81.1,0.09,86.2,,,0.00
Jonathan Brubaker,Pirates,0.49,93.7,0.33,87.6,,,0.14,80.6,0.04,87.9,,,0.00
Pablo Lopez,Marlins,0.55,93.7,,,0.08,90.5,0.07,78.8,0.30,87.2,,,0.00
Robbie Ray,- - -,0.53,93.7,0.31,86.6,,,0.16,83.6,0.00,88,,,0.00
Giovanny Gallegos,Cardinals,0.49,93.7,0.51,85.4,,,,,0.00,87,,,
Austin Brice,Red Sox,0.62,93.7,0.38,81.8,,,,,0.01,88,,,
Anthony Kay,Blue Jays,0.56,93.7,,,0.02,86.9,0.23,78,0.18,86.3,,,0.01
Shawn Armstrong,Orioles,0.43,93.7,,,0.46,88.7,0.11,82,,,,,
Casey Mize,Tigers,0.49,93.7,,,0.23,89.2,0.10,80.9,,,0.18,86.1,
Luis Cessa,Yankees,0.31,93.7,0.54,83.8,,,0.02,80.4,0.13,87.5,,,
Ian Kennedy,Royals,0.50,93.6,,,0.32,89.9,0.11,80.6,0.07,86.7,,,0.02
Jacob Webb,Braves,0.52,93.6,0.15,80.3,,,,,0.33,82.5,,,0.02
Dellin Betances,Mets,0.49,93.6,0.40,82.7,,,0.11,86.1,,,,,
Geoff Hartlieb,Pirates,0.54,93.6,0.46,82.8,,,,,0.01,88,,,
Michael Wacha,Mets,0.43,93.6,,,0.27,88.9,0.01,75.3,0.29,86.9,,,
Trevor Rogers,Marlins,0.60,93.6,0.21,81,,,,,0.19,84.4,,,
Jack Flaherty,Cardinals,0.56,93.6,0.29,84.5,,,0.14,77.4,0.02,85.8,,,
Carlos Carrasco,Indians,0.39,93.6,0.23,86.4,0.00,90,0.11,83.7,0.27,87.7,,,
Robert Gsellman,Mets,0.64,93.6,0.22,89.4,,,0.07,79.4,0.07,85.9,,,0.00
Phil Maton,Indians,0.48,93.6,0.32,85.4,,,0.20,76.7,,,,,0.01
Trevor Bauer,Reds,0.48,93.5,0.16,80.7,0.20,85.1,0.16,79.7,0.00,84.3,,,0.00
Adam Ottavino,Yankees,0.45,93.5,0.46,80.9,0.05,86.3,,,0.04,87.9,,,
Lance Lynn,Rangers,0.68,93.5,0.23,89.3,,,0.08,83.5,0.01,83.1,,,
Jake Newberry,Royals,0.45,93.5,0.51,83.3,,,,,0.04,86.7,,,
Erick Fedde,Nationals,0.56,93.5,0.18,79.5,0.17,88.8,,,0.10,86.8,,,0.01
Dylan Floro,Dodgers,0.47,93.4,,,0.32,88,,,0.21,86.2,,,0.01
Adrian Houser,Brewers,0.64,93.4,0.12,85.7,,,0.12,80.5,0.12,85,,,
Sean Newcomb,Braves,0.54,93.4,0.10,79.7,,,0.16,76.8,0.20,87.1,,,
Yonny Chirinos,Rays,0.61,93.4,0.16,88.1,,,,,,,0.24,85.1,
A.J. Cole,Blue Jays,0.35,93.4,0.48,83.7,0.07,89.3,0.02,77.9,0.08,86.3,,,0.02
Seth Lugo,Mets,0.55,93.4,0.15,87.7,,,0.19,78.5,0.10,87.3,,,0.00
Walker Lockett,- - -,0.35,93.4,,,0.20,90.2,0.22,80.9,0.22,87.1,,,
Riley Smith,Diamondbacks,0.62,93.4,0.20,83.3,,,0.16,80.7,0.02,86.5,,,
Brady Singer,Royals,0.58,93.4,0.37,83.1,,,,,0.05,87.8,,,
Joey Gerber,Mariners,0.65,93.4,0.35,83.8,,,,,,,,,
Rony Garcia,Tigers,0.63,93.3,0.22,86.1,,,0.02,81.6,0.13,88,,,
Travis Lakins,Orioles,0.33,93.3,,,0.42,90.8,0.22,80.6,0.03,87.5,,,
Seth Elledge,Cardinals,0.65,93.3,,,,,0.35,83.2,,,,,
Cody Ponce,Pirates,0.44,93.3,,,0.24,89.3,0.24,78.4,0.08,84.5,,,
Zac Gallen,Diamondbacks,0.39,93.3,0.05,83.4,0.20,88.1,0.17,81.3,0.19,84.9,,,
Jeremy Jeffress,Cubs,0.42,93.3,,,,,0.25,80.6,,,0.34,88.8,0.01
Charlie Morton,Rays,0.56,93.3,,,0.09,85,0.33,78.2,0.02,86.1,,,
Chris Stratton,Pirates,0.46,93.3,0.27,86.8,,,0.17,80.1,0.10,86.4,,,
Brandon Bielak,Astros,0.50,93.3,0.10,83.2,0.14,88.8,0.08,79.7,0.17,86.4,,,0.00
Buck Farmer,Tigers,0.53,93.3,,,,,0.15,81.8,0.33,87.4,,,
Daniel Ponce de Leon,Cardinals,0.61,93.2,,,0.13,88,0.22,77.7,0.04,86.2,,,
Taijuan Walker,- - -,0.50,93.2,0.22,85.2,,,0.10,74.6,,,0.18,89,0.00
Jalen Beeks,Rays,0.42,93.1,,,0.14,86.5,,,0.44,88,,,
Michael Fulmer,Tigers,0.62,93.1,0.23,87.6,,,0.05,77.9,0.10,86.8,,,
Jose Urquidy,Astros,0.55,93.1,0.13,79.4,,,0.12,76.9,0.21,84.3,,,
Framber Valdez,Astros,0.58,93.1,,,,,0.34,80.6,0.08,88.8,,,
Michael King,Yankees,0.66,93.1,0.19,80.9,,,,,0.15,85,,,
Scott Alexander,Dodgers,0.83,93.1,0.17,88.1,,,,,,,,,0.02
John King,Rangers,0.63,93.1,0.18,82,,,0.01,77.5,0.17,78.5,,,
Jimmy Herget,Rangers,0.54,93.1,0.41,81.7,,,0.01,69.5,0.03,85.2,,,0.01
Max Fried,Braves,0.52,93,0.21,84.1,,,0.23,74.4,0.05,83.2,,,
Freddy Peralta,Brewers,0.66,93,0.24,79.6,,,0.10,75.6,,,,,
Sonny Gray,Reds,0.54,93,0.15,83.1,,,0.29,80.8,0.03,89.8,,,
Jake Odorizzi,Twins,0.42,93,0.19,84.4,0.10,88.7,0.05,75,0.19,84.8,0.04,85.3,
Dean Kremer,Orioles,0.51,93,,,0.19,87,0.27,75.6,0.03,85.6,,,
Greg Holland,Royals,0.37,93,0.51,85.9,,,0.12,78.6,0.00,84.5,,,0.01
Colin Rea,Cubs,0.52,93,,,0.18,87.2,0.19,80.5,0.11,85.4,,,
Richard Rodriguez,Pirates,0.72,93,0.28,81.3,,,,,,,,,0.00
Nick Wittgren,Indians,0.61,92.9,0.15,85.4,,,,,0.24,86.1,,,0.02
Evan Marshall,White Sox,0.29,92.9,,,,,0.32,82.3,0.39,87.8,,,
Chris Bassitt,Athletics,0.54,92.9,0.03,75,0.23,87.9,0.09,70.1,0.10,83.6,,,
Dakota Hudson,Cardinals,0.59,92.9,0.21,88.4,,,0.19,82.2,0.02,86.7,,,0.00
Casey Sadler,- - -,0.36,92.9,0.23,88.9,,,0.37,80.7,0.04,86.6,,,
Matt Strahm,Padres,0.56,92.9,0.15,85.9,,,0.19,81.1,0.10,85.9,,,
Jake Woodford,Cardinals,0.51,92.9,0.27,84.5,,,0.21,76.3,0.01,86,,,
Carlos Martinez,Cardinals,0.51,92.9,0.27,82.9,0.01,91.5,0.02,79.3,0.20,85.8,,,0.02
Zach Plesac,Indians,0.38,92.8,0.28,86.3,,,0.09,79.2,0.25,86.1,,,
Triston McKenzie,Indians,0.53,92.8,0.20,86.4,,,0.17,80.1,0.10,86.8,,,
Paul Fry,Orioles,0.53,92.8,0.46,84.8,,,,,0.01,89.8,,,
Nick Pivetta,- - -,0.49,92.8,0.20,85.7,,,0.25,79.8,0.06,85.8,,,
Patrick Sandoval,Angels,0.45,92.8,0.25,84.6,,,0.07,78.1,0.23,84.2,,,
Griffin Canning,Angels,0.41,92.8,0.20,88.7,,,0.24,86.4,0.15,88,,,
David Hale,- - -,0.53,92.8,0.16,81.7,,,,,0.31,82.7,,,
Humberto Mejia,Marlins,0.52,92.8,0.17,84.1,,,0.21,78.7,0.10,86.1,,,
Brad Keller,Royals,0.59,92.8,0.38,84.6,,,,,0.03,89.3,,,
Dan Winkler,Cubs,0.33,92.7,0.11,82,0.56,88,,,0.00,89,,,
Logan Webb,Giants,0.49,92.7,0.15,81.5,0.05,90.5,,,0.31,84.7,,,0.00
Daniel Norris,Tigers,0.48,92.7,0.22,85.4,,,0.00,76,0.31,87.7,,,
Tommy Hunter,Phillies,0.43,92.7,,,0.34,90.5,0.23,82.4,,,,,
Marcus Walden,Red Sox,0.38,92.7,0.22,84.8,0.41,90,,,,,,,
Tyler Duffey,Twins,0.44,92.6,,,,,0.56,82.8,,,,,
Will Smith,Braves,0.45,92.6,0.47,81.6,,,0.08,77.6,,,,,
Brandon Workman,- - -,0.26,92.6,,,0.34,87.6,0.40,79.3,,,,,0.02
Jordan Montgomery,Yankees,0.47,92.5,,,0.06,89.5,0.22,80.5,0.26,83.3,,,
Brad Boxberger,Marlins,0.55,92.5,0.18,88.3,,,0.01,78.5,0.27,81.3,,,
Alex Cobb,Orioles,0.48,92.5,,,,,0.17,81.8,0.35,87,,,
Austin Gomber,Cardinals,0.53,92.5,0.16,85.9,,,0.24,76.4,0.07,83.4,,,
Carson Fulmer,- - -,0.54,92.5,,,0.12,86.4,0.11,81.6,0.23,86.1,,,
Chase Anderson,Blue Jays,0.40,92.5,,,0.20,87.3,0.16,77.2,0.24,82.6,,,
Joe Musgrove,Pirates,0.39,92.5,0.24,82.6,0.06,88.3,0.20,81,0.11,86.4,,,
Joakim Soria,Athletics,0.66,92.4,0.20,77.8,,,0.05,70.9,0.09,87.1,,,0.02
Josh Osich,- - -,0.37,92.4,,,0.48,87.2,0.15,76.9,,,,,
Ryan Castellani,Rockies,0.50,92.4,0.17,85.1,,,0.17,79.5,0.16,85.7,,,
Jacob Waguespack,Blue Jays,0.52,92.4,,,0.19,88.5,0.11,75.9,0.19,82.4,,,0.00
Kenley Jansen,Dodgers,0.29,92.4,0.10,81.7,0.62,91,,,,,,,
Aaron Nola,Phillies,0.46,92.4,,,,,0.27,78.7,0.27,85,,,0.01
Derek Holland,Pirates,0.47,92.3,0.22,81.8,,,0.15,79.3,0.16,84.4,,,
Kyle Gibson,Rangers,0.49,92.3,0.24,83,0.00,87.6,0.08,78.8,0.18,84.4,,,0.00
Stefan Crichton,Diamondbacks,0.62,92.3,0.37,77.9,,,,,0.01,86.5,,,0.03
Cam Bedrosian,Angels,0.53,92.3,0.46,81.3,,,,,,,0.01,84.7,
Cristian Javier,Astros,0.63,92.3,0.26,78.7,,,0.04,76.3,0.07,86,,,
Chi Chi Gonzalez,Rockies,0.59,92.2,0.20,87,,,0.08,81,0.14,87.1,,,
Cameron Hill,Indians,0.49,92.2,0.36,83.9,,,0.16,78.5,,,,,0.01
Jordan Lyles,Rangers,0.48,92.2,0.12,85.6,0.01,86.6,0.30,79.7,0.10,86.7,,,
Ivan Nova,Tigers,0.59,92.2,,,,,0.25,79.6,0.16,86.5,,,
Danny Duffy,Royals,0.53,92.2,0.17,82.6,,,0.14,75.5,0.15,83.9,,,
Phillips Valdez,Red Sox,0.45,92.2,0.06,81.6,,,,,0.49,85.1,,,
Craig Stammen,Padres,0.65,92.2,0.07,86.2,0.14,89.2,0.12,80.7,0.02,87.2,,,
Corey Oswalt,Mets,0.53,92.2,,,0.28,87.9,0.02,82.3,0.17,85.5,,,
Dylan Covey,Red Sox,0.39,92.2,0.10,80.9,0.34,86.4,,,,,0.16,84.6,
T.J. Zeuch,Blue Jays,0.56,92.2,0.16,80.8,0.21,86.7,,,0.07,83.3,,,
Masahiro Tanaka,Yankees,0.32,92.2,0.38,84,0.00,88,0.06,75,0.05,85,0.19,87.7,
James Paxton,Yankees,0.57,92.1,,,0.15,85.4,0.16,79.8,0.13,82,,,
Jaime Barria,Angels,0.43,92.1,0.46,84,,,,,0.11,84.2,,,0.00
Jonathan Holder,Yankees,0.52,92.1,0.10,80.7,0.10,87.3,0.03,77.5,0.24,87.3,,,0.01
Mike Soroka,Braves,0.59,92.1,0.29,81.3,,,,,0.12,80.4,,,
Jeffrey Springs,Red Sox,0.47,92.1,0.27,83,,,,,0.26,81.6,,,0.01
Michael Pineda,Twins,0.50,92.1,0.39,82.5,,,,,0.11,85.7,,,
Caleb Smith,- - -,0.51,92.1,0.26,83.6,,,0.08,77.4,0.15,81.8,,,
Steven Brault,Pirates,0.51,92.1,0.23,83,,,0.03,73.9,0.24,85.1,,,
Chris Mazza,Red Sox,0.39,92.1,0.28,82.3,0.30,88.6,,,0.03,84.9,,,0.00
Aaron Loup,Rays,0.50,92.1,0.10,77.7,0.31,85.4,,,0.09,80.7,,,
David Peterson,Mets,0.53,92.1,0.26,81.4,,,0.03,75,0.19,83.7,,,
Sam Howard,Pirates,0.37,92.1,0.62,84.7,,,,,0.00,83,,,
Shane Greene,Braves,0.39,92.1,0.22,80.6,0.25,87.4,,,0.13,86,,,0.01
Tanner Houck,Red Sox,0.62,92.1,0.36,82.2,,,,,,,0.02,87,
Matt Shoemaker,Blue Jays,0.44,92.1,0.18,81.6,,,0.06,76.1,,,0.33,85.4,
Jake Arrieta,Phillies,0.52,92.1,,,0.23,88.9,0.07,81.8,0.17,87.3,,,
Martin Perez,Red Sox,0.33,92.1,,,0.32,88.8,0.09,77.7,0.26,83.7,,,
Merrill Kelly,Diamondbacks,0.42,92.1,,,0.21,90.6,0.22,81.2,0.15,87.6,,,0.00
Austin Voth,Nationals,0.61,92.1,0.12,86.7,,,0.24,78.4,0.03,85.1,0.01,87.8,0.01
Robert Dugger,Marlins,0.54,92,0.27,81.8,,,0.17,75.7,0.03,84.2,,,
Deivi Garcia,Yankees,0.60,92,0.09,82.6,,,0.15,75.4,0.17,80.8,,,
Justus Sheffield,Mariners,0.48,92,0.34,81.9,,,,,0.19,86.3,,,
Dane Dunning,White Sox,0.60,91.9,0.22,81.6,,,0.07,78.8,0.11,85.6,,,
Matt Wisler,Twins,0.17,91.9,0.83,81.3,,,,,,,,,
Cody Stashak,Twins,0.55,91.9,0.41,82.1,,,,,0.04,86,,,
Kyle Freeland,Rockies,0.34,91.9,0.24,86.3,,,0.19,80.4,0.24,86.1,,,
Keegan Akin,Orioles,0.62,91.9,0.10,80.7,,,0.11,77.2,0.17,81.3,,,
Matt Magill,Mariners,0.33,91.9,0.39,85.9,,,0.28,82.6,,,,,
Conner Menez,Giants,0.54,91.8,0.25,84.3,,,0.17,80.8,0.04,84.7,,,
Matt Andriese,Angels,0.43,91.8,0.08,85.8,,,0.12,80.1,0.37,86,,,
Javy Guerra,Nationals,0.68,91.8,0.16,85.9,,,0.08,78.9,,,0.08,84.2,
Aaron Civale,Indians,0.31,91.8,0.09,82.3,0.29,87.5,0.21,75.7,0.09,85.3,,,
Matthew Boyd,Tigers,0.53,91.7,0.23,79.4,,,0.08,74.2,0.17,79.1,,,
Mark Melancon,Braves,0.03,91.7,,,0.55,91.9,0.39,81.9,0.03,84.4,,,0.03
Ross Stripling,- - -,0.44,91.7,0.15,85.8,,,0.24,78.7,0.17,84.6,,,
Chasen Shreve,Mets,0.51,91.7,0.08,79.8,,,,,,,0.41,83.4,
Randy Dobnak,Twins,0.48,91.6,0.35,83.5,,,,,0.16,85.7,,,
Eric Lauer,Brewers,0.53,91.6,0.16,83.9,0.18,87.1,0.08,75.1,0.05,84.1,,,
Clayton Kershaw,Dodgers,0.41,91.6,0.40,87.9,,,0.19,74.2,0.00,87,,,
Nick Goody,Rangers,0.43,91.6,0.57,81.5,,,,,,,,,
Kolby Allard,Rangers,0.47,91.6,,,0.31,86.8,0.10,76.8,0.13,82.5,,,
Adam Morgan,Phillies,0.34,91.6,0.45,81.5,,,0.05,77.2,0.16,83.5,,,
Andrew Heaney,Angels,0.58,91.5,0.25,79.3,,,,,0.17,83,,,0.00
Ross Detwiler,White Sox,0.57,91.5,0.31,83.3,,,0.03,77.9,0.09,85.2,,,0.01
Kris Bubic,Royals,0.54,91.5,,,,,0.16,78.6,0.30,79.7,,,0.00
Ljay Newsome,Mariners,0.49,91.5,,,,,0.27,77.1,0.24,84.7,,,
Brad Hand,Indians,0.48,91.4,0.52,79.6,,,0.01,76.5,,,,,
Jared Hughes,Mets,0.59,91.4,0.27,80.9,,,,,0.14,84.3,,,0.02
Kenta Maeda,Twins,0.26,91.4,0.40,83.1,0.02,87.7,0.03,78.6,0.29,84.5,,,
Jose Quintana,Cubs,0.60,91.4,,,,,0.31,77.2,0.09,86.4,,,
Elieser Hernandez,Marlins,0.59,91.4,0.35,79.1,,,,,0.06,83.6,,,
Ryan Thompson,Rays,0.61,91.3,0.38,76.5,,,,,0.01,79.7,,,
Brandon Kintzler,Marlins,0.76,91.3,0.11,84.7,,,,,0.14,86.1,,,0.03
Kyle McGowin,Nationals,0.28,91.3,0.71,82,,,,,0.01,86,,,0.01
Johnny Cueto,Giants,0.44,91.3,0.13,81.8,0.08,84.7,0.08,79.2,0.27,82.5,,,
Oliver Drake,Rays,0.48,91.3,0.01,85,,,,,,,0.51,83.5,0.02
Trevor Williams,Pirates,0.51,91.3,0.27,82.7,,,0.07,77.9,0.15,85.1,,,
Justin Dunn,Mariners,0.55,91.2,0.15,83,,,0.24,79.5,0.06,87.1,,,0.01
Aaron Slegers,Rays,0.62,91.2,0.30,84.9,,,,,0.08,86,,,0.02
Alex Wood,Dodgers,0.48,91.2,,,,,0.29,84.6,0.23,84.8,,,0.01
Sam Selman,Giants,0.41,91.2,0.59,80,,,,,,,,,
Adam Plutko,Indians,0.50,91.1,0.03,82.3,0.30,86.8,0.12,76.9,0.05,84.4,,,
Nick Tropeano,Pirates,0.30,91,,,,,0.31,78.6,0.12,81.1,0.26,81,
Jesse Chavez,Rangers,0.49,91,0.14,83.4,0.32,88.9,,,0.05,85.1,,,
Jakob Junis,Royals,0.49,91,0.46,80.2,,,,,0.05,84.6,,,0.00
Stephen Tarpley,Marlins,0.69,91,0.32,78.8,,,,,,,,,0.04
Wes Benjamin,Rangers,0.50,91,0.23,85.6,,,0.14,78.7,0.12,84.5,,,
Asher Wojciechowski,Orioles,0.46,91,0.27,78.2,0.22,85.7,,,0.05,84.6,,,
Alex Young,Diamondbacks,0.33,91,,,0.22,86.8,0.25,81.7,0.21,85.2,,,
Trevor Cahill,Giants,0.35,90.9,0.12,85.2,,,0.23,78.5,0.29,82.7,,,
J.A. Happ,Yankees,0.66,90.9,0.20,84.1,,,0.00,82.5,,,0.14,86.5,
Shun Yamaguchi,Blue Jays,0.41,90.8,0.17,81.7,,,0.02,72.2,,,0.40,84.8,
Dakota Bacus,Nationals,0.34,90.7,0.60,85.2,,,0.05,77.5,,,,,
Tanner Roark,Blue Jays,0.53,90.7,0.15,84.1,0.03,86.7,0.15,73.1,0.13,81,,,
Blake Parker,Phillies,0.41,90.7,,,,,0.17,76.1,,,0.42,80.1,0.02
Tim Hill,Padres,0.90,90.7,0.10,80.4,,,,,,,,,0.01
Jeff Samardzija,Giants,0.37,90.7,0.22,84.1,0.21,87,,,0.14,82.8,0.06,81.6,
Mike Minor,- - -,0.51,90.6,0.21,85.7,,,0.06,80.2,0.22,85.5,,,
Tyler Alexander,Tigers,0.44,90.6,0.21,82.6,0.17,86.1,,,0.18,84.6,,,
Grant Dayton,Braves,0.63,90.6,,,,,0.37,75.9,0.00,83,,,0.01
Josh Fleming,Rays,0.54,90.6,0.29,85.4,,,0.01,78,0.16,81.5,,,
Trevor Richards,Rays,0.51,90.5,0.18,82.7,,,,,0.31,82.6,,,
Erasmo Ramirez,Mets,0.45,90.4,0.06,79.8,0.38,88.1,,,0.11,83.9,,,
Sean Manaea,Athletics,0.54,90.4,0.07,77.9,0.03,84.3,0.07,77.1,0.28,82.6,,,
Rick Porcello,Mets,0.53,90.4,0.29,86.3,,,0.05,75,0.13,81.8,,,
Steve Cishek,White Sox,0.48,90.4,0.51,78.2,,,,,0.01,82.5,,,
Brad Brach,Mets,0.37,90.4,0.08,81.2,0.31,87.1,,,0.24,83.3,,,
Josh A. Smith,Marlins,0.35,90.3,0.05,85.3,0.29,86.9,0.28,77.7,0.03,82.8,,,0.01
Andrew Miller,Cardinals,0.40,90.3,0.60,80.1,,,,,,,,,
Tyler Anderson,Giants,0.47,90.2,,,0.18,85,0.02,71.8,0.33,80.9,,,
Patrick Corbin,Nationals,0.52,90.2,0.40,79.2,,,0.02,65.1,0.06,77.8,,,0.00
Wade Miley,Reds,0.14,90.2,0.02,81.6,0.50,86,0.11,75.1,0.24,82.3,,,
Dylan Bundy,Angels,0.42,90.2,0.25,80,,,0.12,73.5,0.21,82.3,,,0.00
Brooks Raley,- - -,0.23,90.2,0.19,82.1,0.44,86.8,0.10,78.4,0.04,84.2,,,
Tyler Webb,Cardinals,0.60,90.1,0.17,74.9,,,,,0.24,78.6,,,
Daniel Mengden,Athletics,0.52,90.1,0.15,82.2,0.12,85.6,0.09,73,0.13,83,,,
Josh Lindblom,Brewers,0.35,90.1,0.17,75.9,0.19,85.6,0.10,71.1,0.09,84.1,0.10,83.4,
Brady Lail,- - -,0.49,90.1,0.15,85.6,,,0.19,78.8,0.16,86.1,,,
Wander Suero,Nationals,0.00,90,,,0.81,91.1,0.05,77.1,0.13,86.2,,,0.02
Nick Margevicius,Mariners,0.64,90,0.16,84.3,,,0.12,70.3,,,0.09,82.2,0.01
Alec Mills,Cubs,0.59,90,0.10,77.5,,,0.15,66.7,0.16,80.9,,,
Humberto Castellanos,Astros,0.50,90,0.17,78.9,0.10,86.6,0.09,77.5,0.14,82.8,,,
Oliver Perez,Indians,0.57,89.9,0.43,76.2,,,,,,,,,0.04
Yoshihisa Hirano,Mariners,0.45,89.9,,,,,,,,,0.55,82.2,
Kwang-hyun Kim,Cardinals,0.48,89.9,0.32,83.2,,,0.11,70,,,0.09,80.4,0.01
Gio Gonzalez,White Sox,0.47,89.9,,,0.01,85.6,0.19,76.7,0.33,82.8,,,
Tony Watson,Giants,0.38,89.9,0.14,81.2,,,,,0.48,84.1,,,
Jace Fry,White Sox,0.40,89.8,0.39,86.5,,,0.17,76.5,0.04,85.1,,,0.02
Jordan Yamamoto,Marlins,0.41,89.8,0.22,78,0.21,86.3,0.15,74.3,0.02,82,,,
Caleb Thielbar,Twins,0.54,89.8,0.20,77.8,,,0.25,68.8,,,,,
Brett Anderson,Brewers,0.43,89.8,0.11,82.2,0.11,87.3,0.10,76.1,0.24,82.8,,,
John Schreiber,Tigers,0.53,89.8,0.35,77.6,,,,,0.13,84.8,,,0.01
Zack Godley,Red Sox,0.12,89.7,,,0.40,88.7,0.38,82,0.10,83.1,,,
Lewis Thorpe,Twins,0.47,89.7,0.30,82,,,0.09,72.7,0.14,82.2,,,
Hyun-Jin Ryu,Blue Jays,0.35,89.6,,,0.24,85.5,0.13,72.3,0.28,79.7,,,
Nick Ramirez,Tigers,0.41,89.6,0.07,84.7,0.16,87.2,0.03,77.7,0.33,79.7,,,
Anibal Sanchez,Nationals,0.32,89.6,0.00,83.7,0.26,87.6,0.06,76.3,0.36,79.6,,,0.01
Mike Kickham,Red Sox,0.19,89.5,0.49,85.3,,,0.32,78.6,0.00,83,,,0.02
Robbie Erlin,- - -,0.57,89.4,,,,,0.27,76,0.16,82.9,,,0.01
Nick Vincent,Marlins,0.47,89.3,,,0.41,87.5,0.04,82.7,0.08,83.3,,,
Adam Wainwright,Cardinals,0.37,89.3,,,0.22,85,0.38,73.5,0.03,81.9,,,
Adam Kolarek,Dodgers,0.84,89.3,0.09,77.7,,,,,0.07,81.4,,,
Daniel Castano,Marlins,0.49,89.2,0.26,79.5,,,,,0.25,82,,,
Jon Lester,Cubs,0.42,89.2,,,0.32,87.5,0.13,73.4,0.13,83.4,,,
Kyle Hart,Red Sox,0.42,89.2,0.04,79.9,0.31,83.3,0.05,73.4,0.19,79.8,,,
Tyler Clippard,Twins,0.38,89.2,,,0.01,81.5,0.07,75.1,0.35,78.1,0.20,81.1,
Julio Teheran,Angels,0.60,89,0.19,80.9,,,0.09,72.4,0.11,82.1,,,
Richard Bleier,- - -,0.53,88.9,0.24,78.8,0.17,88.1,,,0.06,82.8,,,0.02
Noe Ramirez,Angels,0.36,88.8,0.31,76.8,,,,,0.33,83.5,,,0.02
Ryan Weber,Red Sox,0.52,88.6,0.16,77.6,0.08,86,0.06,74.5,0.18,81.6,,,
Zach Davies,Padres,0.39,88.6,,,0.17,87.1,0.03,74.6,0.41,79.4,,,
T.J. McFarland,Athletics,0.60,88.5,0.24,78.3,,,,,0.17,81.9,,,
Ryne Harper,Nationals,0.38,88.5,,,,,0.62,73.8,0.00,73,0.01,83,0.02
Madison Bumgarner,Diamondbacks,0.40,88.4,0.36,83.5,,,0.23,77,0.01,82.9,,,0.01
James Hoyt,Marlins,0.31,88.4,0.67,80.6,,,,,,,0.02,84.8,0.02
Marco Gonzales,Mariners,0.45,88.2,,,0.24,84.9,0.16,75.4,0.14,80.7,,,
Josh Tomlin,Braves,0.20,88.2,,,0.51,85.6,0.26,76.4,0.04,84.1,,,0.01
Yusmeiro Petit,Athletics,0.42,88.2,0.00,81,0.29,84.6,0.11,74.4,0.18,81.3,,,
Mike Fiers,Athletics,0.45,88,,,0.27,84.3,0.12,72.7,,,0.16,82.1,
Hoby Milner,Angels,0.54,87.9,0.44,77.8,,,,,0.02,79,,,
Kyle Ryan,Cubs,0.53,87.9,,,0.39,85,0.09,78.1,,,,,
Eric Yardley,Brewers,0.65,87.8,0.34,73,,,,,0.01,80.3,,,
Rich Hill,Twins,0.47,87.7,0.03,70.8,0.04,83.4,0.46,72.5,,,0.00,80,
Devin Smeltzer,Twins,0.33,87.6,0.18,77.7,,,0.12,73,0.37,80.6,,,
Kyle Hendricks,Cubs,0.55,87.4,,,,,0.17,72.2,0.29,79.8,,,0.00
Ryan Yarbrough,Rays,0.23,87.4,0.11,70.9,0.36,83,,,0.30,78.6,,,0.00
Dallas Keuchel,White Sox,0.35,87.3,0.07,75.9,0.31,84.8,,,0.28,78.6,,,
Zack Greinke,Astros,0.46,87.1,0.16,84.6,,,0.16,70.4,0.23,86,,,
Wade LeBlanc,Orioles,0.25,86.8,0.00,79,0.28,83.7,0.13,72.7,0.34,78.9,,,
Tom Eshelman,Orioles,0.44,86.3,0.24,77.9,,,0.19,76.5,0.13,79.4,,,
Tommy Milone,- - -,0.45,86.1,0.11,79.7,,,0.05,75.5,0.39,79,,,
Darren O'Day,Braves,0.57,86,0.43,78.4,,,,,,,,,
Alex Claudio,Brewers,0.39,85.9,0.23,76.4,,,,,0.38,72.9,,,
Adam Cimber,Indians,0.51,85.9,0.49,76.9,,,,,,,,,
Sergio Romo,Twins,0.24,85.6,0.65,76,,,,,0.11,79.8,,,
Brent Suter,Brewers,0.79,85.6,,,,,0.07,73.2,0.14,81.2,,,
Cesar Valdez,Orioles,0.16,85.5,0.01,77.5,,,,,0.83,77.9,,,
Tyler Rogers,Giants,0.64,82.5,0.36,71.4,,,,,,,,,
Will Harris,Nationals,,,,,0.78,90.5,0.22,80.8,,,,,
Andre Scrubb,Astros,,,0.01,86,0.53,92.9,0.47,79.1,,,,,0.01
